{
  "id": "zadars-helpful-macros",
  "title": "Zadar's Helpful Macros",
  "description": "A collection of helpful macros for Foundry VTT.",
  "version": "1.0.13",
  "author": "Zadar",
  "manifest": "https://github.com/durhamc84/ZadarsHelpfulMacros/releases/download/1.0.13/module.json",
  "download": "https://github.com/durhamc84/ZadarsHelpfulMacros/releases/download/1.0.13/module.zip",
  "license": "LICENSE",
  "readme": "README.md",
  "url": "https://github.com/durhamc84/ZadarsHelpfulMacros",
  "compatibility": {
    "minimum": "12",
    "verified": "12",
    "maximum": "12"
  },
  "styles": [ "css/styles.css" ],
  "esmodules": [ "init.js" ],
  "packs": [],
  "media": {
    "thumb": "modules/zadars-helpful-macros/assets/main.png"
  },
  "languages": [],
  "systems": [
    {
      "id": "dnd5e",
      "type": "system",
      "compatibility": {
        "minimum": "3.3.1",
        "verified": "4.0.0"
      }
    }
  ]
}
